Year,month,Kwai Tsing Container Terminals ( '000 TEUs),Other than Kwai Tsing Container Terminals ( '000 TEUs),Total ( '000 TEUs),Kwai Tsing Container Terminals (Year-on-year change %),Other than Kwai Tsing Container Terminals ( Year-on-year change %),Total ( Year-on-year change %)
2009,All,15159,5881,21040,-14.5,-13.1,-14.1
2010,All,17098,6602,23699,12.8,12.3,12.6
2011,All,17416,6968,24384,1.9,5.5,2.9
2012,All,17475,5642,23117,0.3,-19,-5.2
2013,All,17118,5234,22352,-2,-7.2,-3.3
2014,All,17587,4639,22226,2.7,-11.4,-0.6
2015,All,15572,4500,20073,-11.5,-3,-9.7
2016,All,15203,4609,19813,-2.4,2.4,-1.3
2017,All,16236,4534,20770,6.8,-1.6,4.8
2018,All,15473,4123,19596,-4.7,-9.1,-5.7
2019,All,14220,4083,18303,-8.1,-1,-6.6
2020,All,14456,3513,17969,1.7,-14,-1.8
2021,All,14580,3219,17798,0.9,-8.4,-1
2022,All,12869,3816,16685,-11.7,18.6,-6.3
2023,All,11033,3368,14401,-14.3,-11.7,-13.7
2024,All,10352,3336,13688,-6.2,-1,-5
2025,All,9659,3336,12995,-6.7,0,-5.1
2017,Jan,1336,325,1661,3.9,-16,-0.7
2017,Feb,1136,351,1487,16.8,110.3,30.5
2017,Mar,1390,340,1730,18.4,0.7,14.5
2017,Apr,1379,420,1799,10.5,26.1,13.8
2017,May,1479,345,1824,14.3,2.3,11.9
2017,Jun,1322,428,1750,3.9,10.5,5.5
2017,Jul,1406,376,1782,9.1,10.8,9.4
2017,Aug,1341,376,1718,3.5,-24.2,-4.2
2017,Sep,1430,376,1806,12.4,-14.4,5.5
2017,Oct,1314,362,1676,-0.9,0.2,-0.7
2017,Nov,1349,408,1757,-1.6,-7.9,-3.1
2017,Dec,1352,427,1780,-3.6,-26.4,-10.3
2018,Jan,1414,432,1846,5.9,32.8,11.1
2018,Feb,1133,281,1414,-0.3,-20,-4.9
2018,Mar,1252,376,1628,-10,10.8,-5.9
2018,Apr,1282,319,1601,-7,-24.1,-11
2018,May,1345,351,1696,-9.1,1.8,-7
2018,Jun,1331,352,1683,0.7,-17.8,-3.8
2018,Jul,1292,374,1666,-8.1,-0.5,-6.5
2018,Aug,1289,326,1616,-3.9,-13.3,-5.9
2018,Sep,1193,294,1487,-16.6,-21.6,-17.7
2018,Oct,1304,342,1646,-0.8,-5.6,-1.8
2018,Nov,1326,313,1639,-1.7,-23.3,-6.7
2018,Dec,1312,362,1674,-3,-15.3,-6
2019,Jan,1291,404,1695,-8.7,-6.4,-8.2
2019,Feb,947,214,1162,-16.4,-23.7,-17.9
2019,Mar,1232,335,1567,-1.6,-10.9,-3.7
2019,Apr,1215,358,1574,-5.2,12.3,-1.7
2019,May,1234,338,1572,-8.3,-3.8,-7.3
2019,Jun,1163,364,1527,-12.7,3.6,-9.3
2019,Jul,1181,369,1549,-8.6,-1.4,-7
2019,Aug,1221,363,1584,-5.3,11.3,-2
2019,Sep,1148,336,1484,-3.8,14.2,-0.2
2019,Oct,1218,336,1553,-6.6,-1.7,-5.6
2019,Nov,1178,333,1511,-11.2,6.5,-7.8
2019,Dec,1194,331,1524,-9,-8.7,-8.9
2020,Jan,1124,301,1425,-12.9,-25.6,-15.9
2020,Feb,947,213,1160,0,-0.7,-0.2
2020,Mar,1211,304,1515,-1.7,-9.4,-3.3
2020,Apr,1154,308,1462,-5.1,-14.1,-7.1
2020,May,1211,304,1515,-1.8,-10.2,-3.6
2020,Jun,1254,279,1533,7.9,-23.5,0.4
2020,Jul,1266,322,1588,7.2,-12.8,2.5
2020,Aug,1255,318,1573,2.8,-12.6,-0.7
2020,Sep,1236,302,1538,7.7,-10.2,3.6
2020,Oct,1249,250,1499,2.6,-25.7,-3.5
2020,Nov,1231,298,1529,4.5,-10.6,1.2
2020,Dec,1317,316,1634,10.4,-4.4,7.2
2021,Jan,1249,289,1538,11.1,-4.2,7.9
2021,Feb,914,105,1019,-3.5,-50.6,-12.1
2021,Mar,1281,276,1557,5.8,-9.3,2.8
2021,Apr,1231,286,1517,6.7,-7.2,3.8
2021,May,1328,264,1592,9.6,-13,5.1
2021,Jun,1226,259,1485,-2.3,-7.2,-3.2
2021,Jul,1291,290,1581,2,-10,-0.4
2021,Aug,1218,308,1526,-3,-2.9,-3
2021,Sep,1242,292,1534,0.5,-3.4,-0.3
2021,Oct,1165,255,1420,-6.8,2.2,-5.3
2021,Nov,1257,290,1546,2.1,-2.8,1.1
2021,Dec,1178,306,1485,-10.6,-3,-9.1
2022,Jan,1049,172,1221,-16,-40.4,-20.6
2022,Feb,907,144,1051,-0.8,36.7,3.1
2022,Mar,1128,306,1434,-12,10.8,-7.9
2022,Apr,1220,396,1616,-0.9,38.5,6.5
2022,May,1201,318,1519,-9.6,20.5,-4.6
2022,Jun,1191,397,1588,-2.9,53.6,7
2022,Jul,1140,318,1458,-11.7,9.7,-7.8
2022,Aug,1049,310,1359,-13.8,0.4,-11
2022,Sep,1037,354,1392,-16.5,21.4,-9.3
2022,Oct,955,325,1280,-18,27.5,-9.8
2022,Nov,982,377,1359,-21.9,30.1,-12.1
2022,Dec,1010,400,1410,-14.3,30.5,-5.1
2023,Jan,839,228,1067,-20,32.7,-12.6
2023,Feb,797,261,1058,-12.1,81.8,0.7
2023,Mar,1009,298,1307,-10.6,-2.3,-8.8
2023,Apr,970,276,1246,-20.5,-30.3,-22.9
2023,May,969,267,1236,-19.3,-16.2,-18.6
2023,Jun,936,271,1207,-21.4,-31.8,-24
2023,Jul,932,284,1217,-18.2,-10.6,-16.6
2023,Aug,956,287,1242,-8.9,-7.3,-8.5
2023,Sep,922,287,1209,-11.1,-18.9,-13.1
2023,Oct,881,262,1143,-7.8,-19.5,-10.8
2023,Nov,929,297,1226,-5.4,-21.3,-9.8
2023,Dec,894,350,1243,-11.5,-12.5,-11.8
2024,Jan,976,291,1267,16.3,27.4,18.7
2024,Feb,727,176,903,-8.8,-32.7,-14.7
2024,Mar,879,274,1153,-12.8,-8.1,-11.8
2024,Apr,834,278,1112,-14,0.7,-10.7
2024,May,927,280,1207,-4.3,5.1,-2.3
2024,Jun,844,281,1124,-9.9,3.5,-6.8
2024,Jul,844,311,1154,-9.5,9.3,-5.1
2024,Aug,859,285,1145,-10.1,-0.6,-7.9
2024,Sep,830,282,1112,-10,-1.9,-8.1
2024,Oct,876,271,1147,-0.6,3.5,0.4
2024,Nov,885,291,1176,-4.7,-2.1,-4.1
2024,Dec,871,317,1188,-2.5,-9.4,-4.4
2025,Jan,889,280,1169,-8.9,-3.8,-7.7
2025,Feb,774,228,1002,6.6,29.5,11.1
2025,Mar,921,282,1203,4.8,2.8,4.3
2025,Apr,879,257,1136,5.3,-7.4,2.2
2025,May,794,278,1071,-14.4,-1,-11.3
2025,Jun,725,271,996,-14,-3.5,-11.4
2025,Jul,819,287,1106,-2.9,-7.4,-4.1
2025,Aug,780,266,1047,-9.2,-6.6,-8.5
2025,Sep,706,242,948,-15,-14,-14.7
2025,Oct,807,289,1096,-7.8,6.5,-4.4
2025,Nov,775,296,1071,-12.5,1.9,-9
2025,Dec,789,360,1149,-9.4,13.5,-3.3
2026,Jan,807,302,1109,-9.3,8.1,-5.1
2026,Feb,687,235,922,-11.3,3.1,-8
2026,Mar,842,295,1137,-8.6,4.7,-5.5
