Year,month,Inward Laden Container ( '000 TEUs),Inward Empty Container ( '000 TEUs),Inward Sub-total ( '000 TEUs),Outward Laden Container ( '000 TEUs),Outward Empty Container ( '000 TEUs),Outward Sub-total ( '000 TEUs),Overall Laden Container ( '000 TEUs),Overall Empty Container ( '000 TEUs),Total ( '000 TEUs),Inward Laden Container (Year-on-year change %),Inward Empty Container (Year-on-year change %),Inward Sub-total (Year-on-year change %),Outward Laden Container (Year-on-year change %),Outward Empty Container (Year-on-year change %),Outward Sub-total (Year-on-year change %),Overall Laden Container (Year-on-year change %),Overall Empty Container (Year-on-year change %),Total (Year-on-year change %)
2009,All,6584,949,7533,6968,658,7626,13552,1607,15159,-7.5,-42.4,-14.1,-16.6,8.8,-14.9,-12.4,-28.6,-14.5
2010,All,7220,1209,8428,7944,726,8669,15163,1934,17098,9.7,27.3,11.9,14,10.4,13.7,11.9,20.4,12.8
2011,All,7380,1355,8735,7908,773,8681,15289,2127,17416,2.2,12.1,3.6,-0.4,6.4,0.1,0.8,10,1.9
2012,All,7452,1362,8814,7915,746,8662,15367,2108,17475,1,0.5,0.9,0.1,-3.4,-0.2,0.5,-0.9,0.3
2013,All,7495,1210,8705,7767,647,8413,15262,1856,17118,0.6,-11.2,-1.2,-1.9,-13.4,-2.9,-0.7,-12,-2
2014,All,7909,1113,9022,7831,734,8565,15741,1847,17587,5.5,-8,3.6,0.8,13.5,1.8,3.1,-0.5,2.7
2015,All,7005,1014,8019,6831,722,7554,13836,1736,15572,-11.4,-8.9,-11.1,-12.8,-1.6,-11.8,-12.1,-6,-11.5
2016,All,7016,891,7907,6620,676,7296,13636,1568,15203,0.2,-12.1,-1.4,-3.1,-6.4,-3.4,-1.5,-9.7,-2.4
2017,All,7406,1049,8456,7013,767,7780,14419,1817,16236,5.6,17.7,6.9,5.9,13.4,6.6,5.7,15.9,6.8
2018,All,6800,1202,8002,6688,783,7471,13488,1985,15473,-8.2,14.5,-5.4,-4.6,2,-4,-6.5,9.2,-4.7
2019,All,6393,1080,7473,6045,702,6747,12437,1782,14220,-6,-10.2,-6.6,-9.6,-10.3,-9.7,-7.8,-10.2,-8.1
2020,All,6537,1159,7697,5768,992,6759,12305,2151,14456,2.3,7.4,3,-4.6,41.2,0.2,-1.1,20.7,1.7
2021,All,6398,1256,7654,5953,972,6925,12352,2228,14580,-2.1,8.4,-0.5,3.2,-2,2.5,0.4,3.6,0.9
2022,All,5666,1198,6865,4854,1151,6004,10520,2349,12869,-11.4,-4.6,-10.3,-18.5,18.4,-13.3,-14.8,5.4,-11.7
2023,All,4766,1174,5940,4113,980,5093,8879,2154,11033,-15.9,-2.1,-13.5,-15.3,-14.8,-15.2,-15.6,-8.3,-14.3
2024,All,4457,1160,5618,3933,801,4734,8391,1961,10352,-6.5,-1.1,-5.4,-4.4,-18.3,-7.1,-5.5,-9,-6.2
2025,All,4100,1111,5211,3626,821,4448,7726,1933,9659,-8,-4.2,-7.2,-7.8,2.6,-6.1,-7.9,-1.4,-6.7
2017,Jan,605,67,673,611,52,663,1216,119,1336,6.5,-23,2.6,6.8,-11.3,5.2,6.7,-18.3,3.9
2017,Feb,568,50,618,470,48,518,1038,98,1136,31.1,-24.3,23.8,12.2,-12.1,9.4,21.8,-18.8,16.8
2017,Mar,670,50,720,611,59,670,1281,109,1390,22.7,-20.5,18.3,21.5,-4.9,18.6,22.1,-12.7,18.4
2017,Apr,647,68,716,604,59,663,1251,128,1379,10.9,-0.4,9.7,11.3,11.8,11.4,11.1,4.9,10.5
2017,May,666,103,768,639,72,710,1304,174,1479,13.5,36.3,16.1,12.5,13.3,12.5,13,25.8,14.3
2017,Jun,587,98,685,567,71,638,1154,168,1322,-0.3,28.4,3,2.6,28.9,5,1.1,28.6,3.9
2017,Jul,631,98,729,612,65,677,1243,163,1406,5.7,39.9,9.3,7.3,26.8,8.9,6.4,34.4,9.1
2017,Aug,602,104,707,577,57,635,1180,162,1341,0.3,37.2,4.4,2.3,5.2,2.6,1.3,23.8,3.5
2017,Sep,619,124,743,610,77,687,1229,202,1430,5.7,56.2,11.7,9.6,50.6,13.1,7.6,54,12.4
2017,Oct,594,96,689,556,69,625,1150,165,1314,-4.9,17,-2.4,-2.6,39.1,0.8,-3.8,25.4,-0.9
2017,Nov,598,99,698,573,78,652,1172,178,1349,-6.1,44.5,-1.2,-5,26.6,-2.1,-5.6,36,-1.6
2017,Dec,619,92,711,582,60,641,1201,152,1352,-6.9,16,-4.5,-2.5,-2.9,-2.5,-4.8,7.8,-3.6
2018,Jan,618,108,725,616,73,689,1233,181,1414,2,59.5,7.8,0.8,41,3.9,1.4,51.5,5.9
2018,Feb,487,101,588,489,56,545,976,157,1133,-14.2,102.4,-4.8,3.9,17,5.2,-6,60.5,-0.3
2018,Mar,574,82,656,522,73,595,1097,155,1252,-14.3,64.2,-8.9,-14.5,24.2,-11.2,-14.4,42.5,-10
2018,Apr,565,106,671,547,65,612,1112,170,1282,-12.7,55.1,-6.3,-9.4,8.7,-7.8,-11.2,33.5,-7
2018,May,582,102,684,581,80,661,1163,182,1345,-12.6,-1,-11,-9,12,-6.9,-10.8,4.3,-9.1
2018,Jun,586,93,679,576,76,653,1162,169,1331,-0.2,-5,-0.9,1.6,8,2.3,0.7,0.4,0.7
2018,Jul,570,93,663,574,55,629,1144,148,1292,-9.7,-5.2,-9.1,-6.3,-15,-7.1,-8,-9.1,-8.1
2018,Aug,575,94,668,569,52,621,1144,145,1289,-4.6,-10.2,-5.4,-1.4,-10,-2.2,-3,-10.1,-3.9
2018,Sep,532,86,618,528,46,574,1060,133,1193,-14,-30.6,-16.8,-13.5,-40,-16.5,-13.8,-34.2,-16.6
2018,Oct,557,117,675,559,70,629,1116,188,1304,-6.1,22.8,-2.1,0.5,1.7,0.7,-2.9,14,-0.8
2018,Nov,569,120,689,560,77,637,1129,197,1326,-4.9,21,-1.2,-2.3,-2.1,-2.3,-3.6,10.8,-1.7
2018,Dec,585,101,686,567,59,625,1152,160,1312,-5.4,9.7,-3.5,-2.6,-1.6,-2.5,-4,5.3,-3
2019,Jan,546,113,658,570,62,632,1116,175,1291,-11.7,4.8,-9.2,-7.4,-14.9,-8.2,-9.5,-3.2,-8.7
2019,Feb,429,72,500,401,46,447,830,117,947,-12,-29,-14.9,-17.9,-19.1,-18,-14.9,-25.5,-16.4
2019,Mar,555,89,644,524,64,588,1079,153,1232,-3.3,8.6,-1.8,0.2,-12.5,-1.3,-1.6,-1.4,-1.6
2019,Apr,558,79,638,516,61,578,1075,141,1215,-1.1,-24.9,-4.9,-5.6,-5.2,-5.6,-3.3,-17.5,-5.2
2019,May,567,82,648,524,62,585,1090,143,1234,-2.6,-19.7,-5.2,-9.9,-23.3,-11.5,-6.2,-21.3,-8.3
2019,Jun,521,80,601,511,51,562,1032,131,1163,-11.1,-13.7,-11.5,-11.3,-33.8,-13.9,-11.2,-22.8,-12.7
2019,Jul,536,85,621,507,53,560,1043,138,1181,-6,-8.8,-6.4,-11.6,-4.8,-11,-8.8,-7.3,-8.6
2019,Aug,549,99,647,511,62,573,1060,161,1221,-4.5,5.5,-3.1,-10.2,20.1,-7.7,-7.4,10.7,-5.3
2019,Sep,497,97,593,489,65,554,986,161,1148,-6.6,12,-4,-7.3,39.6,-3.5,-7,21.7,-3.8
2019,Oct,543,113,656,490,72,561,1033,185,1218,-2.5,-3.6,-2.7,-12.4,1.9,-10.8,-7.5,-1.5,-6.6
2019,Nov,532,92,624,497,57,554,1029,149,1178,-6.5,-23.3,-9.5,-11.3,-25.9,-13.1,-8.9,-24.3,-11.2
2019,Dec,561,80,641,504,49,553,1065,129,1194,-4.2,-20.9,-6.7,-11.1,-15.8,-11.6,-7.6,-19,-9
2020,Jan,489,100,589,483,53,536,972,153,1124,-10.4,-11.4,-10.6,-15.3,-15.2,-15.3,-12.9,-12.7,-12.9
2020,Feb,439,84,523,338,86,424,777,169,947,2.4,17.3,4.5,-15.7,87.9,-5.1,-6.3,44.8,0
2020,Mar,544,85,630,492,89,581,1036,175,1211,-2,-3.9,-2.3,-6.1,40,-1.1,-4,14.4,-1.7
2020,Apr,514,84,598,472,84,556,986,167,1154,-7.9,5.5,-6.2,-8.6,36.9,-3.8,-8.2,19.2,-5.1
2020,May,561,93,654,465,93,558,1026,185,1211,-1,13.6,0.8,-11.2,50.2,-4.7,-5.9,29.3,-1.8
2020,Jun,553,123,676,474,104,579,1027,227,1254,6.1,53.6,12.5,-7.2,106.4,3,-0.5,74,7.9
2020,Jul,563,112,675,497,94,591,1060,206,1266,5.1,32.3,8.8,-2,78,5.5,1.6,49.8,7.2
2020,Aug,567,101,668,503,84,587,1070,185,1255,3.3,2.5,3.2,-1.6,35.3,2.4,1,15.1,2.8
2020,Sep,560,87,647,507,83,590,1066,170,1236,12.6,-10,8.9,3.5,27.7,6.4,8.1,5.1,7.7
2020,Oct,589,81,670,509,71,579,1098,151,1249,8.4,-28.6,2.1,3.8,-1.3,3.2,6.3,-18,2.6
2020,Nov,570,89,659,510,62,571,1080,151,1231,7.2,-3.3,5.6,2.5,8.8,3.2,5,1.3,4.5
2020,Dec,589,120,709,518,90,609,1107,211,1317,5,50.4,10.6,2.9,83.2,10.1,4,62.9,10.4
2021,Jan,541,113,655,499,95,594,1041,209,1249,10.7,13.6,11.2,3.4,80.3,11,7.1,36.6,11.1
2021,Feb,369,99,469,364,81,445,734,180,914,-15.9,18.2,-10.4,7.6,-5.2,5,-5.6,6.4,-3.5
2021,Mar,590,107,697,484,101,585,1074,208,1281,8.4,24.8,10.7,-1.6,13,0.6,3.7,18.8,5.8
2021,Apr,561,103,664,485,82,567,1046,185,1231,9.1,22.8,11,2.7,-1.7,2,6,10.6,6.7
2021,May,593,117,710,519,99,618,1111,216,1328,5.7,25.9,8.5,11.5,7.4,10.8,8.3,16.7,9.6
2021,Jun,531,102,632,525,69,594,1055,171,1226,-4,-17.5,-6.4,10.6,-33.9,2.6,2.8,-25,-2.3
2021,Jul,552,108,660,566,65,632,1118,173,1291,-2.1,-3.6,-2.3,14,-30.4,6.9,5.5,-15.8,2
2021,Aug,544,96,640,507,70,577,1051,166,1218,-4,-5.1,-4.1,0.8,-16.4,-1.7,-1.7,-10.2,-3
2021,Sep,529,117,646,521,76,596,1050,192,1242,-5.4,34.1,-0.1,2.8,-8.5,1.2,-1.5,13.3,0.5
2021,Oct,512,101,613,467,84,551,979,185,1165,-13.1,25.1,-8.5,-8.1,19,-4.8,-10.8,22.2,-6.8
2021,Nov,548,109,657,527,73,599,1075,182,1257,-3.8,22.3,-0.3,3.3,17.6,4.9,-0.5,20.4,2.1
2021,Dec,528,85,613,490,76,566,1018,161,1178,-10.4,-29.4,-13.6,-5.5,-16.1,-7,-8.1,-23.7,-10.6
2022,Jan,446,102,548,413,88,501,859,190,1049,-17.5,-10.3,-16.3,-17.3,-7,-15.7,-17.4,-8.8,-16
2022,Feb,391,90,482,347,78,425,739,168,907,6,-8.9,2.8,-4.7,-4.1,-4.6,0.7,-6.7,-0.8
2022,Mar,529,95,624,412,92,504,941,187,1128,-10.3,-11,-10.4,-14.8,-8.7,-13.8,-12.4,-9.9,-12
2022,Apr,560,92,652,454,114,568,1014,206,1220,-0.1,-10.6,-1.8,-6.4,38.6,0.1,-3,11.3,-0.9
2022,May,536,111,647,437,117,554,973,228,1201,-9.6,-5,-8.9,-15.7,17.4,-10.4,-12.5,5.3,-9.6
2022,Jun,513,109,623,456,112,568,969,221,1191,-3.3,7.8,-1.5,-13.1,62.1,-4.3,-8.1,29.7,-2.9
2022,Jul,491,108,599,436,105,541,927,213,1140,-10.9,-0.02,-9.1,-23.1,60.8,-14.4,-17.1,22.9,-11.7
2022,Aug,464,101,565,398,86,484,862,187,1049,-14.7,5.3,-11.7,-21.6,22.2,-16.2,-18,12.4,-13.8
2022,Sep,458,95,553,398,87,485,856,181,1037,-13.4,-18.9,-14.4,-23.6,14.9,-18.7,-18.5,-5.6,-16.5
2022,Oct,419,85,505,371,80,450,790,165,955,-18.1,-15.7,-17.7,-20.6,-5.3,-18.3,-19.3,-11,-18
2022,Nov,426,108,533,370,79,449,795,187,982,-22.4,-1.4,-18.9,-29.8,8.6,-25.1,-26,2.6,-21.9
2022,Dec,431,102,534,363,113,476,794,216,1010,-18.3,20.8,-12.9,-26,49.3,-15.9,-22,34.2,-14.3
2023,Jan,331,99,430,308,101,409,639,200,839,-25.8,-2.8,-21.5,-25.5,14.7,-18.4,-25.7,5.3,-20
2023,Feb,356,76,432,291,74,365,647,150,797,-9.1,-15.8,-10.3,-16.2,-4.9,-14.2,-12.4,-10.8,-12.1
2023,Mar,469,79,548,384,77,460,853,156,1009,-11.3,-16.7,-12.1,-6.9,-16.9,-8.7,-9.3,-16.8,-10.6
2023,Apr,427,90,517,358,95,453,786,184,970,-23.7,-2.3,-20.7,-21.1,-17.1,-20.3,-22.5,-10.5,-20.5
2023,May,415,100,515,361,93,454,776,193,969,-22.5,-10.1,-20.4,-17.5,-20,-18,-20.3,-15.2,-19.3
2023,Jun,394,114,508,346,82,428,741,195,936,-23.2,4,-18.4,-24.1,-27,-24.7,-23.6,-11.7,-21.4
2023,Jul,397,110,507,342,84,426,739,194,932,-19.2,1.7,-15.5,-21.6,-20.4,-21.3,-20.3,-9.2,-18.2
2023,Aug,414,96,511,374,71,445,788,167,956,-10.7,-4.7,-9.7,-5.9,-17.6,-8,-8.5,-10.7,-8.9
2023,Sep,396,108,504,338,80,418,734,188,922,-13.7,14.8,-8.8,-15,-8.1,-13.7,-14.3,3.8,-11.1
2023,Oct,370,102,472,326,83,409,695,185,881,-11.9,19.8,-6.5,-12.2,4.7,-9.2,-12,12.5,-7.8
2023,Nov,404,101,506,348,76,423,752,177,929,-5,-5.8,-5.2,-6,-4.2,-5.6,-5.4,-5.2,-5.4
2023,Dec,392,98,490,338,65,403,730,163,894,-9.1,-4,-8.1,-6.8,-42.4,-15.2,-8,-24.2,-11.5
2024,Jan,411,121,532,357,87,444,768,208,976,24,22.3,23.6,16.1,-14.3,8.6,20.2,3.8,16.3
2024,Feb,321,65,386,285,55,340,606,120,727,-9.7,-14.3,-10.5,-2,-25.6,-6.8,-6.2,-19.9,-8.8
2024,Mar,405,80,485,328,66,394,733,146,879,-13.8,1.5,-11.6,-14.5,-13.9,-14.4,-14.1,-6.1,-12.8
2024,Apr,376,77,453,317,65,382,693,141,834,-12.1,-14.5,-12.5,-11.5,-31.8,-15.7,-11.8,-23.3,-14
2024,May,385,124,509,340,78,418,725,202,927,-7.2,24.5,-1.1,-5.9,-16.2,-8,-6.6,4.8,-4.3
2024,Jun,352,101,453,323,68,390,675,169,844,-10.7,-11.1,-10.8,-6.8,-17.1,-8.7,-8.9,-13.6,-9.9
2024,Jul,368,92,461,331,52,383,700,144,844,-7.2,-16.2,-9.1,-3.1,-38.3,-10,-5.3,-25.8,-9.5
2024,Aug,377,91,468,334,57,391,711,148,859,-9,-5.5,-8.4,-10.8,-18.9,-12.1,-9.8,-11.2,-10.1
2024,Sep,357,95,452,311,67,378,668,162,830,-9.7,-12.1,-10.2,-8.1,-16.2,-9.7,-9,-13.8,-10
2024,Oct,367,107,474,323,78,402,691,185,876,-0.6,4.7,0.5,-0.7,-6.2,-1.8,-0.7,-0.2,-0.6
2024,Nov,367,105,473,348,65,413,715,171,885,-9.2,4,-6.5,-0.02,-13.8,-2.5,-4.9,-3.6,-4.7
2024,Dec,371,101,472,336,63,399,707,164,871,-5.4,2.9,-3.8,-0.5,-3.4,-1,-3.2,0.4,-2.5
2025,Jan,381,107,488,332,69,401,713,176,889,-7.3,-11.1,-8.1,-7,-20.8,-9.7,-7.2,-15.2,-8.9
2025,Feb,302,113,415,263,96,359,566,209,774,-5.9,73.1,7.5,-7.7,74.4,5.6,-6.7,73.7,6.6
2025,Mar,379,133,512,318,92,410,697,224,921,-6.4,65.3,5.5,-3.1,39,4,-4.9,53.4,4.8
2025,Apr,379,90,468,332,79,410,710,168,879,0.8,16.9,3.5,4.6,21.9,7.5,2.5,19.2,5.3
2025,May,338,73,411,313,69,383,652,142,794,-12.2,-41.5,-19.3,-7.7,-11.5,-8.4,-10.1,-29.9,-14.4
2025,Jun,323,71,394,278,53,332,601,124,725,-8.2,-30.4,-13.2,-13.7,-21.1,-15,-10.9,-26.7,-14
2025,Jul,348,87,435,320,64,383,668,151,819,-5.5,-5.4,-5.5,-3.5,23.3,0.1,-4.5,4.9,-2.9
2025,Aug,345,72,417,309,54,363,654,126,780,-8.5,-20.7,-10.9,-7.4,-5.8,-7.2,-8,-15,-9.2
2025,Sep,302,83,385,272,49,321,574,132,706,-15.6,-12.6,-14.9,-12.4,-26.7,-15,-14.1,-18.4,-15
2025,Oct,334,94,428,303,75,379,637,170,807,-9.1,-11.6,-9.6,-6.2,-3.4,-5.7,-7.7,-8.2,-7.8
2025,Nov,323,92,415,297,63,360,620,154,775,-11.9,-13,-12.2,-14.6,-4,-12.9,-13.2,-9.6,-12.5
2025,Dec,345,97,442,288,59,347,633,156,789,-6.8,-4.2,-6.3,-14.3,-6.6,-13.1,-10.4,-5.1,-9.4
2026,Jan,346,85,431,310,66,376,656,151,807,-9.3,-20.6,-11.8,-6.6,-4.9,-6.3,-8,-14.5,-9.3
2026,Feb,296,77,373,265,48,314,562,125,687,-2,-32.1,-10.2,0.8,-49.5,-12.6,-0.7,-40.1,-11.3
2026,Mar,373,79,452,322,68,390,695,147,842,-1.5,-40.4,-11.6,1.2,-26.3,-4.9,-0.3,-34.6,-8.6
